<?xml version="1.0" encoding="UTF-8"?>
<config xmlns="http://www.knime.org/2008/09/XMLConfig" xmlns:xsi="http://www.w3.org/2001/XMLSchema-instance" xsi:schemaLocation="http://www.knime.org/2008/09/XMLConfig http://www.knime.org/XMLConfig_2008_09.xsd" key="model.xml">
    <entry key="version" type="xint" value="1"/>
    <entry key="class_name" type="xstring" value="org.knime.base.data.normalize.NormalizerPortObject"/>
    <config key="model">
        <config key="columns">
            <config key="Year_Birth">
                <entry key="column_name" type="xstring" value="Year_Birth"/>
                <entry key="column_scale" type="xdouble" value="0.009708737864077669"/>
                <entry key="column_translate" type="xdouble" value="-18.378640776699026"/>
                <entry key="column_min" type="xdouble" value="0.0"/>
                <entry key="column_max" type="xdouble" value="1.0"/>
            </config>
            <config key="Income">
                <entry key="column_name" type="xstring" value="Income"/>
                <entry key="column_scale" type="xdouble" value="1.50390413513481E-6"/>
                <entry key="column_translate" type="xdouble" value="-0.0026017541537832214"/>
                <entry key="column_min" type="xdouble" value="0.0"/>
                <entry key="column_max" type="xdouble" value="1.0"/>
            </config>
            <config key="Kidhome">
                <entry key="column_name" type="xstring" value="Kidhome"/>
                <entry key="column_scale" type="xdouble" value="0.5"/>
                <entry key="column_translate" type="xdouble" value="0.0"/>
                <entry key="column_min" type="xdouble" value="0.0"/>
                <entry key="column_max" type="xdouble" value="1.0"/>
            </config>
            <config key="Teenhome">
                <entry key="column_name" type="xstring" value="Teenhome"/>
                <entry key="column_scale" type="xdouble" value="0.5"/>
                <entry key="column_translate" type="xdouble" value="0.0"/>
                <entry key="column_min" type="xdouble" value="0.0"/>
                <entry key="column_max" type="xdouble" value="1.0"/>
            </config>
            <config key="Recency">
                <entry key="column_name" type="xstring" value="Recency"/>
                <entry key="column_scale" type="xdouble" value="0.010101010101010102"/>
                <entry key="column_translate" type="xdouble" value="0.0"/>
                <entry key="column_min" type="xdouble" value="0.0"/>
                <entry key="column_max" type="xdouble" value="1.0"/>
            </config>
            <config key="MntWines">
                <entry key="column_name" type="xstring" value="MntWines"/>
                <entry key="column_scale" type="xdouble" value="6.697923643670462E-4"/>
                <entry key="column_translate" type="xdouble" value="0.0"/>
                <entry key="column_min" type="xdouble" value="0.0"/>
                <entry key="column_max" type="xdouble" value="1.0"/>
            </config>
            <config key="MntFruits">
                <entry key="column_name" type="xstring" value="MntFruits"/>
                <entry key="column_scale" type="xdouble" value="0.005025125628140704"/>
                <entry key="column_translate" type="xdouble" value="0.0"/>
                <entry key="column_min" type="xdouble" value="0.0"/>
                <entry key="column_max" type="xdouble" value="1.0"/>
            </config>
            <config key="MntMeatProducts">
                <entry key="column_name" type="xstring" value="MntMeatProducts"/>
                <entry key="column_scale" type="xdouble" value="5.797101449275362E-4"/>
                <entry key="column_translate" type="xdouble" value="0.0"/>
                <entry key="column_min" type="xdouble" value="0.0"/>
                <entry key="column_max" type="xdouble" value="1.0"/>
            </config>
            <config key="MntFishProducts">
                <entry key="column_name" type="xstring" value="MntFishProducts"/>
                <entry key="column_scale" type="xdouble" value="0.003861003861003861"/>
                <entry key="column_translate" type="xdouble" value="0.0"/>
                <entry key="column_min" type="xdouble" value="0.0"/>
                <entry key="column_max" type="xdouble" value="1.0"/>
            </config>
            <config key="MntSweetProducts">
                <entry key="column_name" type="xstring" value="MntSweetProducts"/>
                <entry key="column_scale" type="xdouble" value="0.0038022813688212928"/>
                <entry key="column_translate" type="xdouble" value="0.0"/>
                <entry key="column_min" type="xdouble" value="0.0"/>
                <entry key="column_max" type="xdouble" value="1.0"/>
            </config>
            <config key="MntGoldProds">
                <entry key="column_name" type="xstring" value="MntGoldProds"/>
                <entry key="column_scale" type="xdouble" value="0.0027624309392265192"/>
                <entry key="column_translate" type="xdouble" value="0.0"/>
                <entry key="column_min" type="xdouble" value="0.0"/>
                <entry key="column_max" type="xdouble" value="1.0"/>
            </config>
            <config key="NumDealsPurchases">
                <entry key="column_name" type="xstring" value="NumDealsPurchases"/>
                <entry key="column_scale" type="xdouble" value="0.06666666666666667"/>
                <entry key="column_translate" type="xdouble" value="0.0"/>
                <entry key="column_min" type="xdouble" value="0.0"/>
                <entry key="column_max" type="xdouble" value="1.0"/>
            </config>
            <config key="NumWebPurchases">
                <entry key="column_name" type="xstring" value="NumWebPurchases"/>
                <entry key="column_scale" type="xdouble" value="0.037037037037037035"/>
                <entry key="column_translate" type="xdouble" value="0.0"/>
                <entry key="column_min" type="xdouble" value="0.0"/>
                <entry key="column_max" type="xdouble" value="1.0"/>
            </config>
            <config key="NumCatalogPurchases">
                <entry key="column_name" type="xstring" value="NumCatalogPurchases"/>
                <entry key="column_scale" type="xdouble" value="0.03571428571428571"/>
                <entry key="column_translate" type="xdouble" value="0.0"/>
                <entry key="column_min" type="xdouble" value="0.0"/>
                <entry key="column_max" type="xdouble" value="1.0"/>
            </config>
            <config key="NumStorePurchases">
                <entry key="column_name" type="xstring" value="NumStorePurchases"/>
                <entry key="column_scale" type="xdouble" value="0.07692307692307693"/>
                <entry key="column_translate" type="xdouble" value="0.0"/>
                <entry key="column_min" type="xdouble" value="0.0"/>
                <entry key="column_max" type="xdouble" value="1.0"/>
            </config>
            <config key="NumWebVisitsMonth">
                <entry key="column_name" type="xstring" value="NumWebVisitsMonth"/>
                <entry key="column_scale" type="xdouble" value="0.05"/>
                <entry key="column_translate" type="xdouble" value="0.0"/>
                <entry key="column_min" type="xdouble" value="0.0"/>
                <entry key="column_max" type="xdouble" value="1.0"/>
            </config>
            <config key="AcceptedCmp3">
                <entry key="column_name" type="xstring" value="AcceptedCmp3"/>
                <entry key="column_scale" type="xdouble" value="1.0"/>
                <entry key="column_translate" type="xdouble" value="0.0"/>
                <entry key="column_min" type="xdouble" value="0.0"/>
                <entry key="column_max" type="xdouble" value="1.0"/>
            </config>
            <config key="AcceptedCmp4">
                <entry key="column_name" type="xstring" value="AcceptedCmp4"/>
                <entry key="column_scale" type="xdouble" value="1.0"/>
                <entry key="column_translate" type="xdouble" value="0.0"/>
                <entry key="column_min" type="xdouble" value="0.0"/>
                <entry key="column_max" type="xdouble" value="1.0"/>
            </config>
            <config key="AcceptedCmp5">
                <entry key="column_name" type="xstring" value="AcceptedCmp5"/>
                <entry key="column_scale" type="xdouble" value="1.0"/>
                <entry key="column_translate" type="xdouble" value="0.0"/>
                <entry key="column_min" type="xdouble" value="0.0"/>
                <entry key="column_max" type="xdouble" value="1.0"/>
            </config>
            <config key="AcceptedCmp1">
                <entry key="column_name" type="xstring" value="AcceptedCmp1"/>
                <entry key="column_scale" type="xdouble" value="1.0"/>
                <entry key="column_translate" type="xdouble" value="0.0"/>
                <entry key="column_min" type="xdouble" value="0.0"/>
                <entry key="column_max" type="xdouble" value="1.0"/>
            </config>
            <config key="AcceptedCmp2">
                <entry key="column_name" type="xstring" value="AcceptedCmp2"/>
                <entry key="column_scale" type="xdouble" value="1.0"/>
                <entry key="column_translate" type="xdouble" value="0.0"/>
                <entry key="column_min" type="xdouble" value="0.0"/>
                <entry key="column_max" type="xdouble" value="1.0"/>
            </config>
            <config key="Complain">
                <entry key="column_name" type="xstring" value="Complain"/>
                <entry key="column_scale" type="xdouble" value="1.0"/>
                <entry key="column_translate" type="xdouble" value="0.0"/>
                <entry key="column_min" type="xdouble" value="0.0"/>
                <entry key="column_max" type="xdouble" value="1.0"/>
            </config>
            <config key="Response">
                <entry key="column_name" type="xstring" value="Response"/>
                <entry key="column_scale" type="xdouble" value="1.0"/>
                <entry key="column_translate" type="xdouble" value="0.0"/>
                <entry key="column_min" type="xdouble" value="0.0"/>
                <entry key="column_max" type="xdouble" value="1.0"/>
            </config>
        </config>
        <entry key="summary" type="xstring" value="Min/Max (0.0, 1) normalization on 23 column(s)"/>
    </config>
</config>
