<?xml version="1.0" encoding="UTF-8"?>
<config xmlns="http://www.knime.org/2008/09/XMLConfig" xmlns:xsi="http://www.w3.org/2001/XMLSchema-instance" xsi:schemaLocation="http://www.knime.org/2008/09/XMLConfig http://www.knime.org/XMLConfig_2008_09.xsd" key="MiningSchema">
    <config key="learning">
        <entry key="array-size" type="xint" value="23"/>
        <entry key="0" type="xstring" value="Year_Birth"/>
        <entry key="1" type="xstring" value="Income"/>
        <entry key="2" type="xstring" value="Kidhome"/>
        <entry key="3" type="xstring" value="Teenhome"/>
        <entry key="4" type="xstring" value="Recency"/>
        <entry key="5" type="xstring" value="MntWines"/>
        <entry key="6" type="xstring" value="MntFruits"/>
        <entry key="7" type="xstring" value="MntMeatProducts"/>
        <entry key="8" type="xstring" value="MntFishProducts"/>
        <entry key="9" type="xstring" value="MntSweetProducts"/>
        <entry key="10" type="xstring" value="MntGoldProds"/>
        <entry key="11" type="xstring" value="NumDealsPurchases"/>
        <entry key="12" type="xstring" value="NumWebPurchases"/>
        <entry key="13" type="xstring" value="NumCatalogPurchases"/>
        <entry key="14" type="xstring" value="NumStorePurchases"/>
        <entry key="15" type="xstring" value="NumWebVisitsMonth"/>
        <entry key="16" type="xstring" value="AcceptedCmp3"/>
        <entry key="17" type="xstring" value="AcceptedCmp4"/>
        <entry key="18" type="xstring" value="AcceptedCmp5"/>
        <entry key="19" type="xstring" value="AcceptedCmp1"/>
        <entry key="20" type="xstring" value="AcceptedCmp2"/>
        <entry key="21" type="xstring" value="Complain"/>
        <entry key="22" type="xstring" value="Response"/>
    </config>
    <config key="target">
        <entry key="array-size" type="xint" value="0"/>
    </config>
</config>
